date,weekday,weekday_name,is_holiday,holiday_name,avg_temp_c,min_temp_c,max_temp_c,요일_월,요일_화,요일_수,요일_목,요일_금,요일_토,요일_일,주말여부,휴일여부,평일여부,봄,여름,가을,겨울,월,일
2025-01-01,2,수,1,1월 1일,2.6,-3.8,10.4,0,0,1,0,0,0,0,0,1,0,0,0,0,1,1,1
2025-01-02,3,목,0,,1.8,-2.7,8.4,0,0,0,1,0,0,0,0,0,1,0,0,0,1,1,2
2025-01-03,4,금,0,,0.3,-4.1,5.5,0,0,0,0,1,0,0,0,0,1,0,0,0,1,1,3
2025-01-04,5,토,1,토요일,0.6,-3.6,7.0,0,0,0,0,0,1,0,1,1,0,0,0,0,1,1,4
2025-01-05,6,일,1,일요일,2.2,-2.6,6.3,0,0,0,0,0,0,1,1,1,0,0,0,0,1,1,5
2025-01-06,0,월,0,,2.0,-1.9,5.9,1,0,0,0,0,0,0,0,0,1,0,0,0,1,1,6
2025-01-07,1,화,0,,-1.5,-4.6,3.1,0,1,0,0,0,0,0,0,0,1,0,0,0,1,1,7
2025-01-08,2,수,0,,-1.7,-4.4,0.8,0,0,1,0,0,0,0,0,0,1,0,0,0,1,1,8
2025-01-09,3,목,0,,-8.1,-12.4,-4.3,0,0,0,1,0,0,0,0,0,1,0,0,0,1,1,9
2025-01-10,4,금,0,,-6.6,-12.9,-0.5,0,0,0,0,1,0,0,0,0,1,0,0,0,1,1,10
2025-01-11,5,토,1,토요일,-3.0,-6.1,0.5,0,0,0,0,0,1,0,1,1,0,0,0,0,1,1,11
2025-01-12,6,일,1,일요일,-1.9,-7.5,4.2,0,0,0,0,0,0,1,1,1,0,0,0,0,1,1,12
2025-01-13,0,월,0,,1.1,-5.6,6.3,1,0,0,0,0,0,0,0,0,1,0,0,0,1,1,13
2025-01-14,1,화,0,,4.9,1.5,10.7,0,1,0,0,0,0,0,0,0,1,0,0,0,1,1,14
2025-01-15,2,수,0,,-1.8,-4.2,2.1,0,0,1,0,0,0,0,0,0,1,0,0,0,1,1,15
2025-01-16,3,목,0,,0.9,-4.6,6.7,0,0,0,1,0,0,0,0,0,1,0,0,0,1,1,16
2025-01-17,4,금,0,,1.3,-2.8,7.5,0,0,0,0,1,0,0,0,0,1,0,0,0,1,1,17
2025-01-18,5,토,1,토요일,1.0,-5.2,9.1,0,0,0,0,0,1,0,1,1,0,0,0,0,1,1,18
2025-01-19,6,일,1,일요일,1.7,-4.8,10.1,0,0,0,0,0,0,1,1,1,0,0,0,0,1,1,19
2025-01-20,0,월,0,,2.8,-1.4,8.5,1,0,0,0,0,0,0,0,0,1,0,0,0,1,1,20
2025-01-21,1,화,0,,2.5,-2.8,9.4,0,1,0,0,0,0,0,0,0,1,0,0,0,1,1,21
2025-01-22,2,수,0,,3.4,-1.9,9.4,0,0,1,0,0,0,0,0,0,1,0,0,0,1,1,22
2025-01-23,3,목,0,,2.9,-2.4,10.7,0,0,0,1,0,0,0,0,0,1,0,0,0,1,1,23
2025-01-24,4,금,0,,2.6,-4.1,10.4,0,0,0,0,1,0,0,0,0,1,0,0,0,1,1,24
2025-01-25,5,토,1,토요일,4.3,-2.7,11.6,0,0,0,0,0,1,0,1,1,0,0,0,0,1,1,25
2025-01-26,6,일,1,일요일,5.2,1.7,8.7,0,0,0,0,0,0,1,1,1,0,0,0,0,1,1,26
2025-01-27,0,월,1,임시공휴일,0.3,-2.4,3.8,1,0,0,0,0,0,0,0,1,0,0,0,0,1,1,27
2025-01-28,1,화,1,설날 전날,-1.4,-2.7,1.8,0,1,0,0,0,0,0,0,1,0,0,0,0,1,1,28
2025-01-29,2,수,1,설날,-2.6,-5.5,0.6,0,0,1,0,0,0,0,0,1,0,0,0,0,1,1,29
2025-01-30,3,목,1,설날 다음 날,-1.8,-6.5,3.9,0,0,0,1,0,0,0,0,1,0,0,0,0,1,1,30
2025-01-31,4,금,0,,1.9,-3.0,8.4,0,0,0,0,1,0,0,0,0,1,0,0,0,1,1,31
2025-02-01,5,토,1,토요일,3.5,1.2,7.8,0,0,0,0,0,1,0,1,1,0,0,0,0,1,2,1
2025-02-02,6,일,1,일요일,2.4,-1.3,9.1,0,0,0,0,0,0,1,1,1,0,0,0,0,1,2,2
2025-02-03,0,월,0,,-1.4,-6.0,1.9,1,0,0,0,0,0,0,0,0,1,0,0,0,1,2,3
2025-02-04,1,화,0,,-6.2,-8.2,-2.3,0,1,0,0,0,0,0,0,0,1,0,0,0,1,2,4
2025-02-05,2,수,0,,-6.4,-10.6,-1.6,0,0,1,0,0,0,0,0,0,1,0,0,0,1,2,5
2025-02-06,3,목,0,,-4.1,-10.2,2.2,0,0,0,1,0,0,0,0,0,1,0,0,0,1,2,6
2025-02-07,4,금,0,,-6.4,-9.8,-0.5,0,0,0,0,1,0,0,0,0,1,0,0,0,1,2,7
2025-02-08,5,토,1,토요일,-6.6,-11.3,-1.0,0,0,0,0,0,1,0,1,1,0,0,0,0,1,2,8
2025-02-09,6,일,1,일요일,-3.9,-9.8,2.6,0,0,0,0,0,0,1,1,1,0,0,0,0,1,2,9
2025-02-10,0,월,0,,-2.6,-7.6,3.0,1,0,0,0,0,0,0,0,0,1,0,0,0,1,2,10
2025-02-11,1,화,0,,0.3,-7.1,9.3,0,1,0,0,0,0,0,0,0,1,0,0,0,1,2,11
2025-02-12,2,수,0,,1.1,-1.6,4.4,0,0,1,0,0,0,0,0,0,1,0,0,0,1,2,12
2025-02-13,3,목,0,,1.1,-4.4,7.4,0,0,0,1,0,0,0,0,0,1,0,0,0,1,2,13
2025-02-14,4,금,0,,3.5,-3.1,11.1,0,0,0,0,1,0,0,0,0,1,0,0,0,1,2,14
2025-02-15,5,토,1,토요일,2.9,-2.9,8.6,0,0,0,0,0,1,0,1,1,0,0,0,0,1,2,15
2025-02-16,6,일,1,일요일,5.1,-0.7,11.9,0,0,0,0,0,0,1,1,1,0,0,0,0,1,2,16
2025-02-17,0,월,0,,1.3,-2.2,6.8,1,0,0,0,0,0,0,0,0,1,0,0,0,1,2,17
2025-02-18,1,화,0,,-0.9,-4.5,4.5,0,1,0,0,0,0,0,0,0,1,0,0,0,1,2,18
2025-02-19,2,수,0,,-1.6,-6.6,4.0,0,0,1,0,0,0,0,0,0,1,0,0,0,1,2,19
2025-02-20,3,목,0,,-1.9,-6.8,4.2,0,0,0,1,0,0,0,0,0,1,0,0,0,1,2,20
2025-02-21,4,금,0,,-1.5,-6.5,4.3,0,0,0,0,1,0,0,0,0,1,0,0,0,1,2,21
2025-02-22,5,토,1,토요일,-1.0,-5.4,4.1,0,0,0,0,0,1,0,1,1,0,0,0,0,1,2,22
2025-02-23,6,일,1,일요일,-2.7,-6.8,2.1,0,0,0,0,0,0,1,1,1,0,0,0,0,1,2,23
2025-02-24,0,월,0,,-0.7,-7.2,6.4,1,0,0,0,0,0,0,0,0,1,0,0,0,1,2,24
2025-02-25,1,화,0,,1.7,-5.3,7.6,0,1,0,0,0,0,0,0,0,1,0,0,0,1,2,25
2025-02-26,2,수,0,,5.3,0.4,11.8,0,0,1,0,0,0,0,0,0,1,0,0,0,1,2,26
2025-02-27,3,목,0,,6.6,-3.5,17.0,0,0,0,1,0,0,0,0,0,1,0,0,0,1,2,27
2025-02-28,4,금,0,,9.8,5.4,17.0,0,0,0,0,1,0,0,0,0,1,0,0,0,1,2,28
2025-03-01,5,토,1,3ㆍ1절|토요일,6.3,1.7,8.7,0,0,0,0,0,1,0,1,1,0,1,0,0,0,3,1
2025-03-02,6,일,1,일요일,9.7,5.0,17.4,0,0,0,0,0,0,1,1,1,0,1,0,0,0,3,2
2025-03-03,0,월,1,대체공휴일(3ㆍ1절),3.5,1.1,7.0,1,0,0,0,0,0,0,0,1,0,1,0,0,0,3,3
2025-03-04,1,화,0,,3.4,1.6,5.7,0,1,0,0,0,0,0,0,0,1,1,0,0,0,3,4
2025-03-05,2,수,0,,5.5,3.4,9.1,0,0,1,0,0,0,0,0,0,1,1,0,0,0,3,5
2025-03-06,3,목,0,,5.1,0.6,11.0,0,0,0,1,0,0,0,0,0,1,1,0,0,0,3,6
2025-03-07,4,금,0,,5.6,-1.6,12.7,0,0,0,0,1,0,0,0,0,1,1,0,0,0,3,7
2025-03-08,5,토,1,토요일,6.2,3.0,11.1,0,0,0,0,0,1,0,1,1,0,1,0,0,0,3,8
2025-03-09,6,일,1,일요일,6.8,-0.7,15.0,0,0,0,0,0,0,1,1,1,0,1,0,0,0,3,9
2025-03-10,0,월,0,,8.2,0.7,16.8,1,0,0,0,0,0,0,0,0,1,1,0,0,0,3,10
2025-03-11,1,화,0,,9.8,1.0,18.6,0,1,0,0,0,0,0,0,0,1,1,0,0,0,3,11
2025-03-12,2,수,0,,9.6,4.5,16.0,0,0,1,0,0,0,0,0,0,1,1,0,0,0,3,12
2025-03-13,3,목,0,,10.3,4.6,17.3,0,0,0,1,0,0,0,0,0,1,1,0,0,0,3,13
2025-03-14,4,금,0,,12.9,3.7,21.5,0,0,0,0,1,0,0,0,0,1,1,0,0,0,3,14
2025-03-15,5,토,1,토요일,9.8,7.1,14.2,0,0,0,0,0,1,0,1,1,0,1,0,0,0,3,15
2025-03-16,6,일,1,일요일,4.5,0.5,7.5,0,0,0,0,0,0,1,1,1,0,1,0,0,0,3,16
2025-03-17,0,월,0,,3.8,-0.9,9.6,1,0,0,0,0,0,0,0,0,1,1,0,0,0,3,17
2025-03-18,1,화,0,,1.2,-0.2,3.3,0,1,0,0,0,0,0,0,0,1,1,0,0,0,3,18
2025-03-19,2,수,0,,3.2,-2.1,9.1,0,0,1,0,0,0,0,0,0,1,1,0,0,0,3,19
2025-03-20,3,목,0,,7.6,-1.2,15.6,0,0,0,1,0,0,0,0,0,1,1,0,0,0,3,20
2025-03-21,4,금,0,,12.8,8.0,21.3,0,0,0,0,1,0,0,0,0,1,1,0,0,0,3,21
2025-03-22,5,토,1,토요일,14.9,7.5,22.8,0,0,0,0,0,1,0,1,1,0,1,0,0,0,3,22
2025-03-23,6,일,1,일요일,16.6,6.9,26.4,0,0,0,0,0,0,1,1,1,0,1,0,0,0,3,23
2025-03-24,0,월,0,,16.6,12.2,22.2,1,0,0,0,0,0,0,0,0,1,1,0,0,0,3,24
2025-03-25,1,화,0,,15.4,10.5,25.8,0,1,0,0,0,0,0,0,0,1,1,0,0,0,3,25
2025-03-26,2,수,0,,18.5,6.0,29.3,0,0,1,0,0,0,0,0,0,1,1,0,0,0,3,26
2025-03-27,3,목,0,,16.1,7.2,21.5,0,0,0,1,0,0,0,0,0,1,1,0,0,0,3,27
2025-03-28,4,금,0,,7.5,4.5,12.8,0,0,0,0,1,0,0,0,0,1,1,0,0,0,3,28
2025-03-29,5,토,1,토요일,3.9,0.3,9.1,0,0,0,0,0,1,0,1,1,0,1,0,0,0,3,29
2025-03-30,6,일,1,일요일,4.4,-1.5,9.7,0,0,0,0,0,0,1,1,1,0,1,0,0,0,3,30
2025-03-31,0,월,0,,8.1,1.3,14.6,1,0,0,0,0,0,0,0,0,1,1,0,0,0,3,31
2025-04-01,1,화,0,,10.3,1.9,18.9,0,1,0,0,0,0,0,0,0,1,1,0,0,0,4,1
2025-04-02,2,수,0,,9.6,3.0,18.0,0,0,1,0,0,0,0,0,0,1,1,0,0,0,4,2
2025-04-03,3,목,0,,10.3,3.3,18.3,0,0,0,1,0,0,0,0,0,1,1,0,0,0,4,3
2025-04-04,4,금,0,,11.7,7.0,18.9,0,0,0,0,1,0,0,0,0,1,1,0,0,0,4,4
2025-04-05,5,토,1,토요일,9.4,7.3,14.7,0,0,0,0,0,1,0,1,1,0,1,0,0,0,4,5
2025-04-06,6,일,1,일요일,10.7,4.7,18.5,0,0,0,0,0,0,1,1,1,0,1,0,0,0,4,6
2025-04-07,0,월,0,,13.8,3.2,21.8,1,0,0,0,0,0,0,0,0,1,1,0,0,0,4,7
2025-04-08,1,화,0,,15.6,9.8,21.6,0,1,0,0,0,0,0,0,0,1,1,0,0,0,4,8
2025-04-09,2,수,0,,13.9,5.6,21.7,0,0,1,0,0,0,0,0,0,1,1,0,0,0,4,9
2025-04-10,3,목,0,,14.0,10.0,19.0,0,0,0,1,0,0,0,0,0,1,1,0,0,0,4,10
2025-04-11,4,금,0,,16.2,5.8,26.1,0,0,0,0,1,0,0,0,0,1,1,0,0,0,4,11
2025-04-12,5,토,1,토요일,14.7,3.2,24.0,0,0,0,0,0,1,0,1,1,0,1,0,0,0,4,12
2025-04-13,6,일,1,일요일,5.8,1.9,10.3,0,0,0,0,0,0,1,1,1,0,1,0,0,0,4,13
2025-04-14,0,월,0,,5.1,3.5,9.2,1,0,0,0,0,0,0,0,0,1,1,0,0,0,4,14
2025-04-15,1,화,0,,8.8,2.8,15.6,0,1,0,0,0,0,0,0,0,1,1,0,0,0,4,15
2025-04-16,2,수,0,,16.0,4.5,25.4,0,0,1,0,0,0,0,0,0,1,1,0,0,0,4,16
2025-04-17,3,목,0,,21.8,13.7,28.3,0,0,0,1,0,0,0,0,0,1,1,0,0,0,4,17
2025-04-18,4,금,0,,21.4,17.4,26.4,0,0,0,0,1,0,0,0,0,1,1,0,0,0,4,18
2025-04-19,5,토,1,토요일,20.8,15.6,27.0,0,0,0,0,0,1,0,1,1,0,1,0,0,0,4,19
2025-04-20,6,일,1,일요일,17.6,13.7,23.9,0,0,0,0,0,0,1,1,1,0,1,0,0,0,4,20
2025-04-21,0,월,0,,21.5,15.1,27.7,1,0,0,0,0,0,0,0,0,1,1,0,0,0,4,21
2025-04-22,1,화,0,,17.7,16.5,20.2,0,1,0,0,0,0,0,0,0,1,1,0,0,0,4,22
2025-04-23,2,수,0,,17.5,13.0,24.6,0,0,1,0,0,0,0,0,0,1,1,0,0,0,4,23
2025-04-24,3,목,0,,15.0,9.7,22.6,0,0,0,1,0,0,0,0,0,1,1,0,0,0,4,24
2025-04-25,4,금,0,,12.7,5.8,19.5,0,0,0,0,1,0,0,0,0,1,1,0,0,0,4,25
2025-04-26,5,토,1,토요일,14.4,4.8,23.3,0,0,0,0,0,1,0,1,1,0,1,0,0,0,4,26
2025-04-27,6,일,1,일요일,17.2,9.6,25.1,0,0,0,0,0,0,1,1,1,0,1,0,0,0,4,27
2025-04-28,0,월,0,,15.3,9.0,22.7,1,0,0,0,0,0,0,0,0,1,1,0,0,0,4,28
2025-04-29,1,화,0,,14.7,6.0,22.5,0,1,0,0,0,0,0,0,0,1,1,0,0,0,4,29
2025-04-30,2,수,0,,18.6,7.9,28.4,0,0,1,0,0,0,0,0,0,1,1,0,0,0,4,30
2025-05-01,3,목,0,,14.8,10.6,21.4,0,0,0,1,0,0,0,0,0,1,1,0,0,0,5,1
2025-05-02,4,금,0,,13.6,8.1,19.8,0,0,0,0,1,0,0,0,0,1,1,0,0,0,5,2
2025-05-03,5,토,1,토요일,10.5,8.5,14.8,0,0,0,0,0,1,0,1,1,0,1,0,0,0,5,3
2025-05-04,6,일,1,일요일,14.3,6.0,21.4,0,0,0,0,0,0,1,1,1,0,1,0,0,0,5,4
2025-05-05,0,월,1,어린이날|부처님 오신 날,11.9,6.2,16.3,1,0,0,0,0,0,0,0,1,0,1,0,0,0,5,5
2025-05-06,1,화,1,대체공휴일(부처님 오신 날),13.1,8.0,17.7,0,1,0,0,0,0,0,0,1,0,1,0,0,0,5,6
2025-05-07,2,수,0,,14.7,6.7,22.4,0,0,1,0,0,0,0,0,0,1,1,0,0,0,5,7
2025-05-08,3,목,0,,18.2,9.1,26.5,0,0,0,1,0,0,0,0,0,1,1,0,0,0,5,8
2025-05-09,4,금,0,,15.4,12.7,17.8,0,0,0,0,1,0,0,0,0,1,1,0,0,0,5,9
2025-05-10,5,토,1,토요일,12.6,12.0,16.7,0,0,0,0,0,1,0,1,1,0,1,0,0,0,5,10
2025-05-11,6,일,1,일요일,15.4,11.7,21.4,0,0,0,0,0,0,1,1,1,0,1,0,0,0,5,11
2025-05-12,0,월,0,,17.7,10.2,24.6,1,0,0,0,0,0,0,0,0,1,1,0,0,0,5,12
2025-05-13,1,화,0,,19.3,11.1,27.4,0,1,0,0,0,0,0,0,0,1,1,0,0,0,5,13
2025-05-14,2,수,0,,21.0,11.5,28.7,0,0,1,0,0,0,0,0,0,1,1,0,0,0,5,14
2025-05-15,3,목,0,,21.6,19.0,24.0,0,0,0,1,0,0,0,0,0,1,1,0,0,0,5,15
2025-05-16,4,금,0,,20.5,17.2,24.3,0,0,0,0,1,0,0,0,0,1,1,0,0,0,5,16
2025-05-17,5,토,1,토요일,19.4,15.9,25.6,0,0,0,0,0,1,0,1,1,0,1,0,0,0,5,17
2025-05-18,6,일,1,일요일,16.2,12.0,22.5,0,0,0,0,0,0,1,1,1,0,1,0,0,0,5,18
2025-05-19,0,월,0,,18.8,10.8,23.7,1,0,0,0,0,0,0,0,0,1,1,0,0,0,5,19
2025-05-20,1,화,0,,25.4,20.0,31.5,0,1,0,0,0,0,0,0,0,1,1,0,0,0,5,20
2025-05-21,2,수,0,,25.5,20.9,29.8,0,0,1,0,0,0,0,0,0,1,1,0,0,0,5,21
2025-05-22,3,목,0,,21.2,18.1,23.9,0,0,0,1,0,0,0,0,0,1,1,0,0,0,5,22
2025-05-23,4,금,0,,19.9,17.2,24.5,0,0,0,0,1,0,0,0,0,1,1,0,0,0,5,23
2025-05-24,5,토,1,토요일,16.0,13.6,18.9,0,0,0,0,0,1,0,1,1,0,1,0,0,0,5,24
2025-05-25,6,일,1,일요일,17.8,11.2,24.9,0,0,0,0,0,0,1,1,1,0,1,0,0,0,5,25
2025-05-26,0,월,0,,19.7,12.0,26.9,1,0,0,0,0,0,0,0,0,1,1,0,0,0,5,26
2025-05-27,1,화,0,,20.5,12.9,27.0,0,1,0,0,0,0,0,0,0,1,1,0,0,0,5,27
2025-05-28,2,수,0,,20.7,14.0,27.6,0,0,1,0,0,0,0,0,0,1,1,0,0,0,5,28
2025-05-29,3,목,0,,20.6,13.9,28.0,0,0,0,1,0,0,0,0,0,1,1,0,0,0,5,29
2025-05-30,4,금,0,,20.4,14.1,26.8,0,0,0,0,1,0,0,0,0,1,1,0,0,0,5,30
2025-05-31,5,토,1,토요일,20.4,13.3,26.1,0,0,0,0,0,1,0,1,1,0,1,0,0,0,5,31
2025-06-01,6,일,1,일요일,22.4,14.9,29.8,0,0,0,0,0,0,1,1,1,0,0,1,0,0,6,1
2025-06-02,0,월,0,,20.4,18.1,24.4,1,0,0,0,0,0,0,0,0,1,0,1,0,0,6,2
2025-06-03,1,화,1,임시공휴일(대통령선거),21.1,16.5,27.3,0,1,0,0,0,0,0,0,1,0,0,1,0,0,6,3
2025-06-04,2,수,0,,20.8,15.5,27.8,0,0,1,0,0,0,0,0,0,1,0,1,0,0,6,4
2025-06-05,3,목,0,,21.2,13.1,27.8,0,0,0,1,0,0,0,0,0,1,0,1,0,0,6,5
2025-06-06,4,금,1,현충일,23.7,18.1,30.1,0,0,0,0,1,0,0,0,1,0,0,1,0,0,6,6
2025-06-07,5,토,1,토요일,24.3,16.4,31.0,0,0,0,0,0,1,0,1,1,0,0,1,0,0,6,7
2025-06-08,6,일,1,일요일,25.5,21.5,31.5,0,0,0,0,0,0,1,1,1,0,0,1,0,0,6,8
2025-06-09,0,월,0,,25.5,20.3,31.9,1,0,0,0,0,0,0,0,0,1,0,1,0,0,6,9
2025-06-10,1,화,0,,23.6,19.0,29.6,0,1,0,0,0,0,0,0,0,1,0,1,0,0,6,10
2025-06-11,2,수,0,,23.1,16.2,30.5,0,0,1,0,0,0,0,0,0,1,0,1,0,0,6,11
2025-06-12,3,목,0,,25.1,17.5,32.6,0,0,0,1,0,0,0,0,0,1,0,1,0,0,6,12
2025-06-13,4,금,0,,21.3,18.8,26.2,0,0,0,0,1,0,0,0,0,1,0,1,0,0,6,13
2025-06-14,5,토,1,토요일,23.8,19.5,29.6,0,0,0,0,0,1,0,1,1,0,0,1,0,0,6,14
2025-06-15,6,일,1,일요일,26.3,20.9,32.9,0,0,0,0,0,0,1,1,1,0,0,1,0,0,6,15
2025-06-16,0,월,0,,24.2,21.8,27.2,1,0,0,0,0,0,0,0,0,1,0,1,0,0,6,16
2025-06-17,1,화,0,,25.0,20.3,30.0,0,1,0,0,0,0,0,0,0,1,0,1,0,0,6,17
2025-06-18,2,수,0,,25.8,20.7,31.5,0,0,1,0,0,0,0,0,0,1,0,1,0,0,6,18
2025-06-19,3,목,0,,27.2,19.9,32.5,0,0,0,1,0,0,0,0,0,1,0,1,0,0,6,19
2025-06-20,4,금,0,,24.9,22.7,27.6,0,0,0,0,1,0,0,0,0,1,0,1,0,0,6,20
2025-06-21,5,토,1,토요일,21.1,17.9,23.6,0,0,0,0,0,1,0,1,1,0,0,1,0,0,6,21
2025-06-22,6,일,1,일요일,23.3,17.8,29.0,0,0,0,0,0,0,1,1,1,0,0,1,0,0,6,22
2025-06-23,0,월,0,,25.1,17.3,31.4,1,0,0,0,0,0,0,0,0,1,0,1,0,0,6,23
2025-06-24,1,화,0,,21.9,19.0,27.7,0,1,0,0,0,0,0,0,0,1,0,1,0,0,6,24
2025-06-25,2,수,0,,21.2,19.4,22.7,0,0,1,0,0,0,0,0,0,1,0,1,0,0,6,25
2025-06-26,3,목,0,,22.9,20.0,27.0,0,0,0,1,0,0,0,0,0,1,0,1,0,0,6,26
2025-06-27,4,금,0,,25.3,20.6,30.8,0,0,0,0,1,0,0,0,0,1,0,1,0,0,6,27
2025-06-28,5,토,1,토요일,27.5,23.6,32.8,0,0,0,0,0,1,0,1,1,0,0,1,0,0,6,28
2025-06-29,6,일,1,일요일,28.7,25.2,33.4,0,0,0,0,0,0,1,1,1,0,0,1,0,0,6,29
2025-06-30,0,월,0,,29.1,23.8,33.8,1,0,0,0,0,0,0,0,0,1,0,1,0,0,6,30
2025-07-01,1,화,0,,29.0,25.4,33.7,0,1,0,0,0,0,0,0,0,1,0,1,0,0,7,1
2025-07-02,2,수,0,,29.4,25.0,34.2,0,0,1,0,0,0,0,0,0,1,0,1,0,0,7,2
2025-07-03,3,목,0,,28.6,25.3,32.6,0,0,0,1,0,0,0,0,0,1,0,1,0,0,7,3
2025-07-04,4,금,0,,27.9,24.6,31.4,0,0,0,0,1,0,0,0,0,1,0,1,0,0,7,4
2025-07-05,5,토,1,토요일,28.6,24.8,33.1,0,0,0,0,0,1,0,1,1,0,0,1,0,0,7,5
2025-07-06,6,일,1,일요일,29.0,25.6,33.6,0,0,0,0,0,0,1,1,1,0,0,1,0,0,7,6
2025-07-07,0,월,0,,30.0,26.5,35.1,1,0,0,0,0,0,0,0,0,1,0,1,0,0,7,7
2025-07-08,1,화,0,,31.4,26.6,36.3,0,1,0,0,0,0,0,0,0,1,0,1,0,0,7,8
2025-07-09,2,수,0,,31.0,26.7,35.5,0,0,1,0,0,0,0,0,0,1,0,1,0,0,7,9
2025-07-10,3,목,0,,29.8,24.6,34.5,0,0,0,1,0,0,0,0,0,1,0,1,0,0,7,10
2025-07-11,4,금,0,,29.0,24.3,34.5,0,0,0,0,1,0,0,0,0,1,0,1,0,0,7,11
2025-07-12,5,토,1,토요일,28.6,22.7,34.1,0,0,0,0,0,1,0,1,1,0,0,1,0,0,7,12
2025-07-13,6,일,1,일요일,25.3,21.5,30.4,0,0,0,0,0,0,1,1,1,0,0,1,0,0,7,13
2025-07-14,0,월,0,,23.4,20.3,31.0,1,0,0,0,0,0,0,0,0,1,0,1,0,0,7,14
2025-07-15,1,화,0,,22.9,20.3,25.5,0,1,0,0,0,0,0,0,0,1,0,1,0,0,7,15
2025-07-16,2,수,0,,22.6,21.4,24.5,0,0,1,0,0,0,0,0,0,1,0,1,0,0,7,16
2025-07-17,3,목,0,,22.0,21.3,22.9,0,0,0,1,0,0,0,0,0,1,0,1,0,0,7,17
2025-07-18,4,금,0,,24.3,21.1,28.5,0,0,0,0,1,0,0,0,0,1,0,1,0,0,7,18
2025-07-19,5,토,1,토요일,24.6,22.8,28.0,0,0,0,0,0,1,0,1,1,0,0,1,0,0,7,19
2025-07-20,6,일,1,일요일,27.9,22.7,32.8,0,0,0,0,0,0,1,1,1,0,0,1,0,0,7,20
2025-07-21,0,월,0,,28.4,23.9,33.7,1,0,0,0,0,0,0,0,0,1,0,1,0,0,7,21
2025-07-22,1,화,0,,28.6,24.5,34.2,0,1,0,0,0,0,0,0,0,1,0,1,0,0,7,22
2025-07-23,2,수,0,,28.9,24.3,33.8,0,0,1,0,0,0,0,0,0,1,0,1,0,0,7,23
2025-07-24,3,목,0,,29.9,24.9,35.1,0,0,0,1,0,0,0,0,0,1,0,1,0,0,7,24
2025-07-25,4,금,0,,30.4,24.9,35.8,0,0,0,0,1,0,0,0,0,1,0,1,0,0,7,25
2025-07-26,5,토,1,토요일,30.6,24.9,35.3,0,0,0,0,0,1,0,1,1,0,0,1,0,0,7,26
2025-07-27,6,일,1,일요일,31.6,26.6,36.0,0,0,0,0,0,0,1,1,1,0,0,1,0,0,7,27
2025-07-28,0,월,0,,30.9,27.1,36.1,1,0,0,0,0,0,0,0,0,1,0,1,0,0,7,28
2025-07-29,1,화,0,,31.2,25.7,36.7,0,1,0,0,0,0,0,0,0,1,0,1,0,0,7,29
2025-07-30,2,수,0,,30.9,26.1,35.9,0,0,1,0,0,0,0,0,0,1,0,1,0,0,7,30
2025-07-31,3,목,0,,29.9,26.4,34.7,0,0,0,1,0,0,0,0,0,1,0,1,0,0,7,31
2025-08-01,4,금,0,,30.4,25.1,35.8,0,0,0,0,1,0,0,0,0,1,0,1,0,0,8,1
2025-08-02,5,토,1,토요일,31.2,26.2,35.8,0,0,0,0,0,1,0,1,1,0,0,1,0,0,8,2
2025-08-03,6,일,1,일요일,27.4,22.3,31.3,0,0,0,0,0,0,1,1,1,0,0,1,0,0,8,3
2025-08-04,0,월,0,,28.4,23.4,33.3,1,0,0,0,0,0,0,0,0,1,0,1,0,0,8,4
2025-08-05,1,화,0,,29.3,24.7,33.8,0,1,0,0,0,0,0,0,0,1,0,1,0,0,8,5
2025-08-06,2,수,0,,28.0,26.1,31.1,0,0,1,0,0,0,0,0,0,1,0,1,0,0,8,6
2025-08-07,3,목,0,,27.5,23.9,32.6,0,0,0,1,0,0,0,0,0,1,0,1,0,0,8,7
2025-08-08,4,금,0,,26.1,22.4,30.8,0,0,0,0,1,0,0,0,0,1,0,1,0,0,8,8
2025-08-09,5,토,1,토요일,24.3,23.1,26.3,0,0,0,0,0,1,0,1,1,0,0,1,0,0,8,9
2025-08-10,6,일,1,일요일,26.2,21.4,32.0,0,0,0,0,0,0,1,1,1,0,0,1,0,0,8,10
2025-08-11,0,월,0,,24.3,21.8,28.2,1,0,0,0,0,0,0,0,0,1,0,1,0,0,8,11
2025-08-12,1,화,0,,24.3,20.4,29.5,0,1,0,0,0,0,0,0,0,1,0,1,0,0,8,12
2025-08-13,2,수,0,,26.8,23.3,31.9,0,0,1,0,0,0,0,0,0,1,0,1,0,0,8,13
2025-08-14,3,목,0,,28.5,25.7,31.8,0,0,0,1,0,0,0,0,0,1,0,1,0,0,8,14
2025-08-15,4,금,1,광복절,28.9,25.4,33.7,0,0,0,0,1,0,0,0,1,0,0,1,0,0,8,15
2025-08-16,5,토,1,토요일,28.6,25.2,33.6,0,0,0,0,0,1,0,1,1,0,0,1,0,0,8,16
2025-08-17,6,일,1,일요일,28.2,23.3,33.5,0,0,0,0,0,0,1,1,1,0,0,1,0,0,8,17
2025-08-18,0,월,0,,29.2,25.4,33.8,1,0,0,0,0,0,0,0,0,1,0,1,0,0,8,18
2025-08-19,1,화,0,,29.0,25.7,33.5,0,1,0,0,0,0,0,0,0,1,0,1,0,0,8,19
2025-08-20,2,수,0,,29.5,25.3,34.5,0,0,1,0,0,0,0,0,0,1,0,1,0,0,8,20
2025-08-21,3,목,0,,29.9,25.8,35.0,0,0,0,1,0,0,0,0,0,1,0,1,0,0,8,21
2025-08-22,4,금,0,,29.8,25.9,35.0,0,0,0,0,1,0,0,0,0,1,0,1,0,0,8,22
2025-08-23,5,토,1,토요일,29.2,24.1,34.1,0,0,0,0,0,1,0,1,1,0,0,1,0,0,8,23
2025-08-24,6,일,1,일요일,30.6,26.9,35.9,0,0,0,0,0,0,1,1,1,0,0,1,0,0,8,24
2025-08-25,0,월,0,,30.3,26.8,35.3,1,0,0,0,0,0,0,0,0,1,0,1,0,0,8,25
2025-08-26,1,화,0,,26.2,23.9,29.3,0,1,0,0,0,0,0,0,0,1,0,1,0,0,8,26
2025-08-27,2,수,0,,26.9,23.0,32.5,0,0,1,0,0,0,0,0,0,1,0,1,0,0,8,27
2025-08-28,3,목,0,,28.1,23.3,33.2,0,0,0,1,0,0,0,0,0,1,0,1,0,0,8,28
2025-08-29,4,금,0,,29.3,25.9,33.8,0,0,0,0,1,0,0,0,0,1,0,1,0,0,8,29
2025-08-30,5,토,1,토요일,29.4,25.9,34.6,0,0,0,0,0,1,0,1,1,0,0,1,0,0,8,30
2025-08-31,6,일,1,일요일,27.9,25.0,33.5,0,0,0,0,0,0,1,1,1,0,0,1,0,0,8,31
