철도운영기관명,선명,역명,출구번호,출구별 주요시설명,Latitude,Longitude,category
대전교통공사,1호선,갈마역,1,둔산중학교,36.3534178,127.3722374,교육
대전교통공사,1호선,갈마역,1,파랑새아파트,36.3560687,127.3761551,주거
대전교통공사,1호선,갈마역,1,향촌아파트,36.355769,127.375786,주거
대전교통공사,1호선,갈마역,1,갈마공원,36.3563554,127.3731037,체육문화
대전교통공사,1호선,갈마역,1,둔산여자고등학교,36.3534121,127.3734975,교육
대전교통공사,1호선,갈마역,1,올림픽기념 국민생활관,36.3547557,127.3732193,체육문화
대전교통공사,1호선,갈마역,2,갈마공원,36.3563554,127.3731037,체육문화
대전교통공사,1호선,갈마역,2,갈마초등학교,36.3564105,127.3693765,교육
대전교통공사,1호선,갈마역,2,둔산중앙침례교회,36.3518838,127.3752981,종교
대전교통공사,1호선,갈마역,3,누리아파트,36.3589986,127.3713754,주거
대전교통공사,1호선,갈마역,3,갑천중학교,36.3616321,127.3691511,교육
대전교통공사,1호선,갈마역,3,서대전고등학교,36.3604929,127.3692303,교육
대전교통공사,1호선,갈마역,3,월평주공아파트1 2 3단지,36.362364,127.370352,주거
대전교통공사,1호선,갈마역,4,무지개아파트,36.3588726,127.3754943,주거
대전교통공사,1호선,갈마역,4,성룡초등학교,36.3616266,127.3735854,교육
대전교통공사,1호선,갈마역,4,황실타운아파트,36.3599096,127.371069,주거
대전교통공사,1호선,갈마역,4,둔산선사유적지,36.3607227,127.3783182,체육문화
대전교통공사,1호선,갈마역,4,무궁화아파트,36.3577577,127.3867458,주거
대전교통공사,1호선,갈마역,4,성천초등학교,36.3630213,127.3733535,교육
대전교통공사,1호선,갈마역,4,남선중학교,36.3628566,127.3722578,교육
대전교통공사,1호선,갈마역,4,한아름아파트,36.362354,127.375916,주거
대전교통공사,1호선,갈마역,4,백합아파트,36.3616171,127.3756483,주거
대전교통공사,1호선,갈마역,4,샛별아파트,36.359948,127.375991,주거
대전교통공사,1호선,갑천역,1,월평1동 행정복지센터,36.3546863,127.357604,관공서
대전교통공사,1호선,갑천역,1,월평타운아파트,36.352472,127.3592053,주거
대전교통공사,1호선,갑천역,1,월평초등학교,36.3556126,127.3578837,교육
대전교통공사,1호선,갑천역,1,월평1동 우체국,36.3545498,127.357383,관공서
대전교통공사,1호선,갑천역,2,도시철도공사,36.3483939,127.3527457,교통
대전교통공사,1호선,갑천역,3,갑천둔치,36.354679,127.35459,체육문화
대전교통공사,1호선,구암역,1,유성네거리 방면,36.3537719,127.3414124,방향지시
대전교통공사,1호선,구암역,2,유성고등학교,36.3493813,127.3349995,교육
대전교통공사,1호선,구암역,2,구암 119안전센터,36.3489251,127.3291912,관공서
대전교통공사,1호선,구암역,3,유성구 보건소,36.3538212,127.3285559,관공서
대전교통공사,1호선,구암역,3,진잠 방면,36.3038433,127.293403,방향지시
대전교통공사,1호선,구암역,3,유성시외버스터미널,36.355593,127.3347225,교통
대전교통공사,1호선,구암역,3,장대푸르지오 아파트,36.3609936,127.3327275,주거
대전교통공사,1호선,노은역,1,월드컵경기장역 방면,36.366866,127.317839,체육문화
대전교통공사,1호선,노은역,2,열매마을 1 4단지,36.3523964,127.4442534,주거
대전교통공사,1호선,노은역,2,지족고등학교,36.378074,127.3155531,교육
대전교통공사,1호선,노은역,3,열매마을 3 5 6단지,36.3523964,127.4442534,주거
대전교통공사,1호선,노은역,3,KEB 외환은행 (노은지점),36.3540841,127.3973402,금융
대전교통공사,1호선,노은역,3,유성 선병원/국제검진센터,36.3751752,127.3248525,의료
대전교통공사,1호선,노은역,3,노은파출소,36.3577577,127.3867458,관공서
대전교통공사,1호선,노은역,3,은구비공원,36.3740469,127.3241357,체육문화
대전교통공사,1호선,노은역,3,지족중학교,36.384106,127.319501,교육
대전교통공사,1호선,노은역,3,상지초등학교,36.3752309,127.3221809,교육
대전교통공사,1호선,노은역,4,헌혈센터,36.3577577,127.3867458,의료
대전교통공사,1호선,노은역,4,대전선사박물관,36.3717138,127.3238858,체육문화
대전교통공사,1호선,노은역,4,열매마을 7~9단지,36.3523964,127.4442534,주거
대전교통공사,1호선,대동역,1,신흥동 방면,36.3228975,127.4438795,방향지시
대전교통공사,1호선,대동역,1,충남중학교,36.3247987,127.4440678,교육
대전교통공사,1호선,대동역,2,신흥초등학교,36.3255998,127.4398675,교육
대전교통공사,1호선,대동역,2,새들뫼 휴먼시아 아파트,36.3274512,127.4420593,주거
대전교통공사,1호선,대동역,3,원동 방면,36.3273777,127.4341776,방향지시
대전교통공사,1호선,대동역,4,신인동 방면,36.3225956,127.4411781,방향지시
대전교통공사,1호선,대동역,5,대동 행정복지센터,36.330014,127.4428341,관공서
대전교통공사,1호선,대동역,5,소제동방면,36.3347145,127.4383733,방향지시
대전교통공사,1호선,대동역,6,자양초등학교,36.331254,127.443943,교육
대전교통공사,1호선,대동역,6,우송 중/고등학교,36.334799,127.442075,교육
대전교통공사,1호선,대동역,6,우송대학교 서캠퍼스,36.3381738,127.4458014,교육
대전교통공사,1호선,대동역,6,우송정보대학,36.3357496,127.4530732,교육
대전교통공사,1호선,대동역,7,동광초등학교,36.336998,127.4498469,교육
대전교통공사,1호선,대동역,7,자양동 방면,36.3371843,127.4486807,방향지시
대전교통공사,1호선,대동역,7,우송대학교 동캠퍼스,36.3344412,127.451952,교육
대전교통공사,1호선,대동역,8,한밭여자중학교,36.32986,127.4489305,교육
대전교통공사,1호선,대동역,8,대전여자고등학교,36.3299155,127.4465696,교육
대전교통공사,1호선,대동역,8,대동 펜타뷰 아파트,36.328813,127.444261,주거
대전교통공사,1호선,대동역,8,대동초등학교,36.3251661,127.4468753,교육
대전교통공사,1호선,대동역,8,대전대학교,36.3363135,127.4582327,교육
대전교통공사,1호선,대전역,1,대전역지구대,36.3305761,127.4342484,관공서
대전교통공사,1호선,대전역,1,원동 방면,36.3273777,127.4341776,방향지시
대전교통공사,1호선,대전역,1,역전시장,36.3303319,127.4340986,상업
대전교통공사,1호선,대전역,2,대전우체국,36.32761,127.4342653,관공서
대전교통공사,1호선,대전역,2,지하상가,36.3271167,127.4215289,상업
대전교통공사,1호선,대전역,2,중앙로,36.3261113,127.4182059,방향지시
대전교통공사,1호선,대전역,2,국제교류센터(DCC),36.375216,127.391775,방향지시
대전교통공사,1호선,대전역,2,중앙시장,36.3577577,127.3867458,상업
대전교통공사,1호선,대전역,2,원동 119안전센터,36.3267212,127.4328488,관공서
대전교통공사,1호선,대전역,3,삼성동 방면,36.3394493,127.4251646,방향지시
대전교통공사,1호선,대전역,3,대전역,36.331519,127.433637,교통
대전교통공사,1호선,대전역,4,대전역(서광장),36.3309613,127.4331747,교통
대전교통공사,1호선,대전역,5,소제동 방면,36.3347145,127.4383733,방향지시
대전교통공사,1호선,대전역,5,중앙동 행정복지센터,36.3345815,127.4388202,관공서
대전교통공사,1호선,대전역,5,동서관 통로,36.3577577,127.3867458,교통
대전교통공사,1호선,반석역,1,반석네거리,36.386494,127.318383,방향지시
대전교통공사,1호선,반석역,2,반석고등학교,36.3868521,127.3134984,교육
대전교통공사,1호선,반석역,2,반석마을 1 2 5단지,36.388267,127.311636,주거
대전교통공사,1호선,반석역,2,반석초등학교,36.3899044,127.313261,교육
대전교통공사,1호선,반석역,3,칠성대 방면,36.3909508,127.3034428,방향지시
대전교통공사,1호선,반석역,3,외삼초등학교,36.3926258,127.3106343,교육
대전교통공사,1호선,반석역,3,반석마을 4단지,36.3920749,127.3095607,주거
대전교통공사,1호선,반석역,4,반석역 환승주차장,36.392463,127.3134813,교통
대전교통공사,1호선,반석역,4,외삼중학교,36.3939887,127.3101087,교육
대전교통공사,1호선,반석역,4,반석마을 6~8단지,36.3577577,127.3867458,주거
대전교통공사,1호선,반석역,5,대전도시철도공사 외삼기지,36.3483939,127.3527457,교통
대전교통공사,1호선,반석역,5,세종시 방면,36.3580758,127.3056909,방향지시
대전교통공사,1호선,반석역,5,조치원 방면,36.3577577,127.3867458,방향지시
대전교통공사,1호선,반석역,6,세종시 BRT버스 승강장,36.469828,127.272801,교통
대전교통공사,1호선,반석역,6,송림마을 1단지,36.3886438,127.3184135,주거
대전교통공사,1호선,서대전네거리역,1,충남대학교병원,36.3167707,127.4162265,교육
대전교통공사,1호선,서대전네거리역,1,서대전우체국,36.320666,127.4141285,관공서
대전교통공사,1호선,서대전네거리역,2,대전CBS,36.321178,127.4097465,기타
대전교통공사,1호선,서대전네거리역,2,서대전청소년광장,36.322517,127.403933,교통
대전교통공사,1호선,서대전네거리역,2,대전글꽃중학교,36.3184573,127.4091354,교육
대전교통공사,1호선,서대전네거리역,2,대전글꽃초등학교,36.3186792,127.4102708,교육
대전교통공사,1호선,서대전네거리역,2,백화점 세이,36.320964,127.4089577,상업
대전교통공사,1호선,서대전네거리역,2,삼익아파트,36.318671,127.406256,주거
대전교통공사,1호선,서대전네거리역,2,상아맨션,36.3577577,127.3867458,기타
대전교통공사,1호선,서대전네거리역,2,문화마을아파트,36.3196657,127.4098313,주거
대전교통공사,1호선,서대전네거리역,2,센트럴파크 아파트,36.3160225,127.409144,주거
대전교통공사,1호선,서대전네거리역,3,서대전역 방면,36.322517,127.403933,방향지시
대전교통공사,1호선,서대전네거리역,3,오류시장,36.3217168,127.4078134,상업
대전교통공사,1호선,서대전네거리역,3,오류동 우체국,36.3221001,127.4093262,관공서
대전교통공사,1호선,서대전네거리역,4,오류초등학교,36.32519,127.4046841,교육
대전교통공사,1호선,서대전네거리역,4,삼성아파트,36.3239433,127.4073235,주거
대전교통공사,1호선,서대전네거리역,5,미르마을아파트,36.3250204,127.4135699,주거
대전교통공사,1호선,서대전네거리역,5,호수돈여자 중학교,36.3267161,127.4136298,교육
대전교통공사,1호선,서대전네거리역,5,오룡역네거리 방면,36.328573,127.405055,방향지시
대전교통공사,1호선,서대전네거리역,5,서대전초등학교,36.3266915,127.410676,교육
대전교통공사,1호선,서대전네거리역,5,용두동 행정복지센터,36.3251654,127.4103788,관공서
대전교통공사,1호선,서대전네거리역,5,호수돈여자 고등학교,36.3264621,127.4146127,교육
대전교통공사,1호선,서대전네거리역,6,선화센트럴뷰 아파트,36.3239807,127.4168384,주거
대전교통공사,1호선,서대전네거리역,6,용두시장,36.3231935,127.4132952,상업
대전교통공사,1호선,서대전네거리역,7,서대전지구대,36.3224436,127.4140451,관공서
대전교통공사,1호선,서대전네거리역,7,대전충남지방병무청,36.3224436,127.4147117,관공서
대전교통공사,1호선,서대전네거리역,8,국립환경과학원 중부권대기오염 집중측정소,36.3577577,127.3867458,교육
대전교통공사,1호선,시청역,1,보라매공원,36.34819,127.3846028,체육문화
대전교통공사,1호선,시청역,1,시청(남문),36.3577577,127.3867458,관공서
대전교통공사,1호선,시청역,2,녹원아파트,36.3476202,127.3805909,주거
대전교통공사,1호선,시청역,2,대전상공회의소,36.3471046,127.3789694,기타
대전교통공사,1호선,시청역,2,은하수네거리 방면,36.3513006,127.3784644,방향지시
대전교통공사,1호선,시청역,2,은하수아파트,36.3495202,127.3795535,주거
대전교통공사,1호선,시청역,2,시청(북문),36.3577577,127.3867458,관공서
대전교통공사,1호선,시청역,2,둔산초등학교,36.348411,127.382735,교육
대전교통공사,1호선,시청역,3,서대전세무서,36.3532727,127.3835195,관공서
대전교통공사,1호선,시청역,3,갤러리아백화점 타임월드,36.3519375,127.3781875,상업
대전교통공사,1호선,시청역,3,둔산2동 행정복지센터,36.3537905,127.3836014,관공서
대전교통공사,1호선,시청역,3,현대해상화재보험,36.3577577,127.3867458,금융
대전교통공사,1호선,시청역,3,교육청,36.352413,127.3838718,교육
대전교통공사,1호선,시청역,3,충청지방우정청 둔산우체국,36.3516487,127.3858745,관공서
대전교통공사,1호선,시청역,4,둔산1동 행정복지센터,36.3525098,127.3860348,관공서
대전교통공사,1호선,시청역,4,특허법원,36.3533141,127.3856928,관공서
대전교통공사,1호선,시청역,4,대전고용노동청,36.3543003,127.3841027,관공서
대전교통공사,1호선,시청역,4,대전지방경찰청,36.3546861,127.3858762,관공서
대전교통공사,1호선,시청역,5,한국토지주택공사,36.4831882,127.2638364,관공서
대전교통공사,1호선,시청역,5,대전지방법원,36.3542962,127.3892728,관공서
대전교통공사,1호선,시청역,5,건강보험심사평가원,36.3577577,127.3867458,금융
대전교통공사,1호선,시청역,5,대전지방검찰청,36.3543293,127.3877101,관공서
대전교통공사,1호선,시청역,6,한마루아파트,36.355702,127.392667,주거
대전교통공사,1호선,시청역,6,크로바아파트,36.3524356,127.3926841,주거
대전교통공사,1호선,시청역,6,KEB 외환은행,36.3540841,127.3973402,금융
대전교통공사,1호선,시청역,7,대덕프라자,36.3509397,127.388158,기타
대전교통공사,1호선,시청역,7,터존뷔페,36.3577577,127.3867458,상업
대전교통공사,1호선,시청역,7,목련아파트,36.3501776,127.3919222,주거
대전교통공사,1호선,시청역,7,한가람아파트,36.3478218,127.391369,주거
대전교통공사,1호선,시청역,7,둔산3동 방면,36.3525115,127.3988778,방향지시
대전교통공사,1호선,시청역,8,더리치빌 빌딩,36.3502731,127.3872136,기타
대전교통공사,1호선,신흥역,1,판암동 방면,36.3137994,127.4641381,방향지시
대전교통공사,1호선,신흥역,2,신흥마을아파트,36.3201549,127.4447657,주거
대전교통공사,1호선,신흥역,2,신흥변전소,36.3577577,127.3867458,기타
대전교통공사,1호선,신흥역,2,효동현대아파트,36.3180673,127.4408554,주거
대전교통공사,1호선,신흥역,2,어진마을아파트,36.3215251,127.4421713,주거
대전교통공사,1호선,신흥역,2,천동초등학교,36.31554,127.4447,교육
대전교통공사,1호선,신흥역,2,인동현대아파트,36.3196666,127.4401261,주거
대전교통공사,1호선,신흥역,3,신흥동 방면,36.3228975,127.4438795,방향지시
대전교통공사,1호선,신흥역,3,충남중학교,36.3247987,127.4440678,교육
대전교통공사,1호선,신흥역,3,시외버스정류장,36.3577577,127.3867458,교통
대전교통공사,1호선,신흥역,4,대전대 방면,36.3363135,127.4582327,방향지시
대전교통공사,1호선,신흥역,4,판암동 방면,36.3137994,127.4641381,방향지시
대전교통공사,1호선,오룡역,1,코스모내과,36.3276622,127.4056043,의료
대전교통공사,1호선,오룡역,1,오류동 행정복지센터,36.3254708,127.4038516,관공서
대전교통공사,1호선,오룡역,1,삼성아파트,36.3239433,127.4073235,주거
대전교통공사,1호선,오룡역,1,예림빌딩(청취닷컴),36.3272484,127.4058791,기타
대전교통공사,1호선,오룡역,1,대흥침례교회,36.3265292,127.4059381,종교
대전교통공사,1호선,오룡역,2,오류초등학교,36.32519,127.4046841,교육
대전교통공사,1호선,오룡역,2,서대전역방면,36.322517,127.403933,방향지시
대전교통공사,1호선,오룡역,2,오류어린이공원,36.3267953,127.4040679,체육문화
대전교통공사,1호선,오룡역,2,대전상수도 중부사업소,36.3509672,127.3737692,기타
대전교통공사,1호선,오룡역,3,인구보건복지협회,36.3290275,127.4026957,기타
대전교통공사,1호선,오룡역,4,유등마을 아파트,36.330572,127.398035,주거
대전교통공사,1호선,오룡역,4,사립학교 교직원연금공단,36.3577577,127.3867458,기타
대전교통공사,1호선,오룡역,5,을지대학교,36.3329549,127.4055284,교육
대전교통공사,1호선,오룡역,6,선병원,36.3360924,127.410631,의료
대전교통공사,1호선,오룡역,6,늘푸른아파트,36.3015841,127.3656059,주거
대전교통공사,1호선,오룡역,6,목양마을아파트,36.33455,127.4057012,주거
대전교통공사,1호선,오룡역,6,건신대학원대학교,36.3309065,127.4059249,교육
대전교통공사,1호선,오룡역,6,대성중/고등학교,36.331361,127.409914,교육
대전교통공사,1호선,오룡역,7,한사랑아파트 방면,36.332994,127.412062,주거
대전교통공사,1호선,오룡역,7,대전학생교육문화원,36.3293871,127.4103509,교육
대전교통공사,1호선,오룡역,7,충남여자 중/고등학교,36.33083,127.409984,교육
대전교통공사,1호선,오룡역,8,용두동 행정복지센터,36.3251654,127.4103788,관공서
대전교통공사,1호선,오룡역,8,서대전 초등학교,36.3266915,127.410676,교육
대전교통공사,1호선,용문역,1,용문동 행정복지센터,36.3388488,127.3916352,관공서
대전교통공사,1호선,용문역,1,수침교 방면,36.334453,127.3978623,방향지시
대전교통공사,1호선,용문역,1,서우아파트,36.3334971,127.3711601,주거
대전교통공사,1호선,용문역,2,가장동 방면,36.3314037,127.3871093,방향지시
대전교통공사,1호선,용문역,2,무지개아파트,36.3588726,127.3754943,주거
대전교통공사,1호선,용문역,3,가장동 방면,36.3314037,127.3871093,방향지시
대전교통공사,1호선,용문역,3,레미안맑은아침아파트,36.332084,127.3816795,주거
대전교통공사,1호선,용문역,3,배재대학교 방면,36.3217923,127.3672754,교육
대전교통공사,1호선,용문역,3,장미아파트,36.3659939,127.4117386,주거
대전교통공사,1호선,용문역,4,롯데백화점,36.339981,127.390955,상업
대전교통공사,1호선,용문역,4,허리사랑병원,36.3396613,127.3908911,의료
대전교통공사,1호선,용문역,4,예지중/고등학교,36.3401077,127.3877139,교육
대전교통공사,1호선,용문역,4,대전시티저널,36.3759913,127.3928884,기타
대전교통공사,1호선,용문역,5,탄방동 방면,36.3443488,127.390364,방향지시
대전교통공사,1호선,용문역,5,한국건강관리협회,36.340589,127.391015,기타
대전교통공사,1호선,용문역,6,탄방주공아파트,36.341273,127.396816,주거
대전교통공사,1호선,용문역,6,남선공원,36.345396,127.398254,체육문화
대전교통공사,1호선,용문역,6,천상교회,36.3577577,127.3867458,종교
대전교통공사,1호선,용문역,7,남선공원네거리 방면,36.3446907,127.4017679,방향지시
대전교통공사,1호선,용문역,7,한국방송광고진흥공사,36.3577577,127.3867458,기타
대전교통공사,1호선,용문역,8,용문동 치안센터,36.3772393,127.42134,기타
대전교통공사,1호선,용문역,8,용문동 우체국,36.3379365,127.3950181,관공서
대전교통공사,1호선,용문역,8,수침교 방면,36.334453,127.3978623,방향지시
대전교통공사,1호선,월드컵경기장역,1,현충원 방면,36.359035,127.321459,방향지시
대전교통공사,1호선,월드컵경기장역,2,열매마을 11단지,36.3650898,127.3145031,주거
대전교통공사,1호선,월드컵경기장역,2,수정초등학교,36.365881,127.3134703,교육
대전교통공사,1호선,월드컵경기장역,5,열매마을 8단지,36.3707802,127.3194045,주거
대전교통공사,1호선,월드컵경기장역,5,노은고등학교,36.3689947,127.3192306,교육
대전교통공사,1호선,월드컵경기장역,5,노은1동 행정복지센터,36.3682419,127.3184975,관공서
대전교통공사,1호선,월드컵경기장역,6,노은중학교,36.3700295,127.3241862,교육
대전교통공사,1호선,월드컵경기장역,6,열매마을10단지,36.3523964,127.4442534,주거
대전교통공사,1호선,월드컵경기장역,6,노은초등학교,36.3688569,127.3214185,교육
대전교통공사,1호선,월드컵경기장역,7,차량등록사업소 서부분소,36.3186441,127.4310254,기타
대전교통공사,1호선,월드컵경기장역,7,월드컵경기장,36.366866,127.317839,체육문화
대전교통공사,1호선,월드컵경기장역,7,노은농수산물도매시장,36.3648813,127.3204141,상업
대전교통공사,1호선,월드컵경기장역,7,대전어린이회관,36.3652077,127.3261285,기타
대전교통공사,1호선,월평역,1,월평중학교,36.3569061,127.3676592,교육
대전교통공사,1호선,월평역,2,한국마사회,36.356494,127.3636057,기타
대전교통공사,1호선,월평역,2,이마트 트레이더스 월평점,36.3576398,127.3629947,상업
대전교통공사,1호선,월평역,3,월평3동 행정복지센터,36.3602588,127.3668822,관공서
대전교통공사,1호선,월평역,3,월평 119안전센터,36.359966,127.366882,관공서
대전교통공사,1호선,월평역,3,전원아파트,36.3590695,127.3645775,주거
대전교통공사,1호선,월평역,3,한국과학기술원,36.3721427,127.36039,기타
대전교통공사,1호선,월평역,3,하나로아파트,36.3608875,127.3649494,주거
대전교통공사,1호선,월평역,3,은평공원,36.3595771,127.3628268,체육문화
대전교통공사,1호선,월평역,3,다모아아파트,36.3613434,127.3661219,주거
대전교통공사,1호선,월평역,4,진달래아파트,36.3590198,127.3668811,주거
대전교통공사,1호선,월평역,4,갑천초등학교,36.3605203,127.3676958,교육
대전교통공사,1호선,유성온천역,1,도안 호반베르디움 아파트,36.3504935,127.3450397,주거
대전교통공사,1호선,유성온천역,1,금성백조 예미지아파트,36.3901013,127.3109942,주거
대전교통공사,1호선,유성온천역,2,도안 휴먼시아1단지 아파트,36.437874,127.382138,주거
대전교통공사,1호선,유성온천역,2,도안 센트럴시티 아파트,36.3470727,127.3427475,주거
대전교통공사,1호선,유성온천역,3,유성구 종합복지센터,36.3529693,127.3394543,기타
대전교통공사,1호선,유성온천역,3,목원대학교 방면,36.3577577,127.3867458,교육
대전교통공사,1호선,유성온천역,3,온천1동 행정복지센터,36.353105,127.338968,관공서
대전교통공사,1호선,유성온천역,3,도안 휴먼시아4단지 아파트,36.3468961,127.3376351,주거
대전교통공사,1호선,유성온천역,4,유성감리교회,36.3532761,127.3364727,종교
대전교통공사,1호선,유성온천역,4,유성고등학교,36.3493813,127.3349995,교육
대전교통공사,1호선,유성온천역,5,유성시외버스터미널,36.355593,127.3347225,교통
대전교통공사,1호선,유성온천역,5,호텔 리베라,36.3600892,127.4247871,숙박
대전교통공사,1호선,유성온천역,6,호텔 아드리아(대온탕),36.3560095,127.3415541,숙박
대전교통공사,1호선,유성온천역,6,대전종합관광안내소,36.3577577,127.3867458,기타
대전교통공사,1호선,유성온천역,6,신우면세점,36.3560095,127.3415541,기타
대전교통공사,1호선,유성온천역,6,유성문화원,36.3598081,127.340868,체육문화
대전교통공사,1호선,유성온천역,6,유성호텔,36.356155,127.339054,숙박
대전교통공사,1호선,유성온천역,7,유성명물문화공원 족욕체험장,36.3551483,127.3446198,체육문화
대전교통공사,1호선,유성온천역,7,유성우체국,36.355661,127.343634,관공서
대전교통공사,1호선,유성온천역,7,충남대학교 방면,36.3688066,127.3467804,교육
대전교통공사,1호선,유성온천역,8,만년교 방면,36.351439,127.349745,방향지시
대전교통공사,1호선,정부청사역,1,대전고용노동청,36.3543003,127.3841027,관공서
대전교통공사,1호선,정부청사역,1,건강보험심사평가원,36.3577577,127.3867458,금융
대전교통공사,1호선,정부청사역,1,서구청,36.3554774,127.3837818,관공서
대전교통공사,1호선,정부청사역,1,을지대학병원,36.355327,127.3820082,의료
대전교통공사,1호선,정부청사역,1,한국은행 대전충남본부,36.3563316,127.3815065,금융
대전교통공사,1호선,정부청사역,1,둔산1 2동 행정복지센터,36.3557875,127.3890025,관공서
대전교통공사,1호선,정부청사역,1,샘머리공원,36.35746,127.39336,체육문화
대전교통공사,1호선,정부청사역,1,한국토지주택공사,36.3564470586906,127.38724291219,관공서
대전교통공사,1호선,정부청사역,2,SBI 저축은행,36.3577577,127.3867458,금융
대전교통공사,1호선,정부청사역,2,갤러리아백화점 타임월드,36.3519375,127.3781875,상업
대전교통공사,1호선,정부청사역,2,새우리병원,36.3436159,127.384078,의료
대전교통공사,1호선,정부청사역,2,갈마공원,36.3563554,127.3731037,체육문화
대전교통공사,1호선,정부청사역,2,한국은행 대전충남본부,36.3563316,127.3815065,금융
대전교통공사,1호선,정부청사역,2,KEB 외환은행,36.3540841,127.3973402,금융
대전교통공사,1호선,정부청사역,3,선사공원,36.3779631,127.3226913,체육문화
대전교통공사,1호선,정부청사역,3,대전예술의전당,36.3665031,127.3839578,체육문화
대전교통공사,1호선,정부청사역,3,대전지방보훈청,36.3580349,127.3786794,관공서
대전교통공사,1호선,정부청사역,3,둔산선사유적지,36.3607227,127.3783182,체육문화
대전교통공사,1호선,정부청사역,3,둔산경찰서,36.358507,127.379758,관공서
대전교통공사,1호선,정부청사역,3,통계센터,36.359004,127.379192,관공서
대전교통공사,1호선,정부청사역,3,선거관리위원회,36.3577577,127.3867458,관공서
대전교통공사,1호선,정부청사역,4,신협중앙회,36.3577577,127.3867458,금융
대전교통공사,1호선,정부청사역,4,정부대전청사,36.3607557,127.3843907,관공서
대전교통공사,1호선,정부청사역,4,한국환경공단 충청권지역본부,36.3593931,127.3810698,관공서
대전교통공사,1호선,중구청역,1,중구청,36.3254838,127.4213793,관공서
대전교통공사,1호선,중구청역,1,대전중부경찰서,36.3277072,127.4201645,관공서
대전교통공사,1호선,중구청역,1,재단법인 대덕인재개발원,36.3250154,127.4088838,기타
대전교통공사,1호선,중구청역,1,대전중학교,36.3207773,127.4248775,교육
대전교통공사,1호선,중구청역,1,대전고등학교,36.3222122,127.4246765,교육
대전교통공사,1호선,중구청역,2,서대전우체국,36.320666,127.4141285,관공서
대전교통공사,1호선,중구청역,2,대전평생학습관 테미도서관,36.3196385,127.4223778,교육
대전교통공사,1호선,중구청역,2,노인복지관,36.3206317,127.4210445,기타
대전교통공사,1호선,중구청역,2,성모초등학교,36.3220343,127.4183796,교육
대전교통공사,1호선,중구청역,2,대전/충남 지방병무청,36.3224436,127.4147117,관공서
대전교통공사,1호선,중구청역,2,성모여자고등학교,36.3222876,127.4187595,교육
대전교통공사,1호선,중구청역,2,대전성모병원,36.3232247,127.4202437,의료
대전교통공사,1호선,중구청역,3,은행선화동 행정복지센터,36.3323869,127.4166557,관공서
대전교통공사,1호선,중구청역,3,선화동 방면,36.331239,127.4186951,방향지시
대전교통공사,1호선,중구청역,3,대한적십자사,36.3679381,127.3442986,기타
대전교통공사,1호선,중구청역,3,선화센트럴뷰 아파트,36.3239807,127.4168384,주거
대전교통공사,1호선,중구청역,4,대전발전연구원,36.3960121,127.4009051,기타
대전교통공사,1호선,중구청역,4,대전평생교육진흥원(대전시민대학),36.3274921,127.4194163,교육
대전교통공사,1호선,중앙로역,1,중앙시장,36.3577577,127.3867458,상업
대전교통공사,1호선,중앙로역,2,은행동 방면,36.3296378,127.4268736,금융
대전교통공사,1호선,중앙로역,2,성심당,36.3577577,127.3867458,기타
대전교통공사,1호선,중앙로역,3,대전평생학습관,36.3255593,127.4259042,기타
대전교통공사,1호선,중앙로역,3,대전여자중학교,36.3250781,127.4262162,교육
대전교통공사,1호선,중앙로역,3,KEB 외환은행,36.3540841,127.3973402,금융
대전교통공사,1호선,중앙로역,4,대전중부경찰서,36.3277072,127.4201645,관공서
대전교통공사,1호선,중앙로역,4,중구청,36.3254838,127.4213793,관공서
대전교통공사,1호선,중앙로역,5,대전중부경찰서,36.3277072,127.4201645,관공서
대전교통공사,1호선,중앙로역,5,중구청,36.3254838,127.4213793,관공서
대전교통공사,1호선,중앙로역,6,선화동우체국,36.328034,127.423767,관공서
대전교통공사,1호선,중앙로역,6,국민연금공단 동대전지사,36.3279836,127.4228337,기타
대전교통공사,1호선,중앙로역,6,NC 중앙로역점,36.3288943,127.4250324,방향지시
대전교통공사,1호선,중앙로역,8,대전여상,36.3338534,127.421683,기타
대전교통공사,1호선,중앙로역,8,동부교육지원청,36.3577577,127.3867458,기타
대전교통공사,1호선,중앙로역,8,선화초등학교,36.3327965,127.4234162,교육
대전교통공사,1호선,중앙로역,9,대전역 방면,36.331519,127.433637,방향지시
대전교통공사,1호선,지족역,1,지족초등학교,36.380036,127.318276,교육
대전교통공사,1호선,지족역,1,반석마을 2 3단지,36.3577577,127.3867458,주거
대전교통공사,1호선,지족역,2,송림마을 1~6단지,36.3909493,127.3237368,주거
대전교통공사,1호선,지족역,2,노은도서관,36.3814831,127.3205858,교육
대전교통공사,1호선,지족역,2,북대전세무서,36.374472,127.3409092,관공서
대전교통공사,1호선,지족역,2,노은2동 행정복지센터,36.3893956,127.3207628,관공서
대전교통공사,1호선,지족역,2,하기초등학교,36.3581158,127.3015429,교육
대전교통공사,1호선,지족역,2,유성구 장애인 종합복지관,36.3813889,127.3233333,기타
대전교통공사,1호선,지족역,2,하기중학교,36.385702,127.3223097,교육
대전교통공사,1호선,지족역,2,열매마을2단지,36.3800239,127.3193607,주거
대전교통공사,1호선,지족역,2,침례신학대학교,36.3864903,127.3254589,교육
대전교통공사,1호선,탄방역,1,국민연금공단,36.3577577,127.3867458,기타
대전교통공사,1호선,탄방역,1,대전자생한방병원,36.3439724,127.3841955,의료
대전교통공사,1호선,탄방역,1,한신아파트,36.3416907,127.3827421,주거
대전교통공사,1호선,탄방역,1,경성큰마을아파트,36.347607,127.377282,주거
대전교통공사,1호선,탄방역,1,개나리아파트,36.3450213,127.382884,주거
대전교통공사,1호선,탄방역,2,대전상공회의소,36.3471046,127.3789694,기타
대전교통공사,1호선,탄방역,2,은하수아파트,36.3495202,127.3795535,주거
대전교통공사,1호선,탄방역,2,녹원아파트,36.3476202,127.3805909,주거
대전교통공사,1호선,탄방역,2,보라매 공원,36.34819,127.3846028,체육문화
대전교통공사,1호선,탄방역,2,대전대학교 둔산한방병원,36.3465374,127.3793297,의료
대전교통공사,1호선,탄방역,3,보라매공원,36.34819,127.3846028,체육문화
대전교통공사,1호선,탄방역,3,시청,36.3577577,127.3867458,관공서
대전교통공사,1호선,탄방역,3,SK텔레콤,36.3577577,127.3867458,기타
대전교통공사,1호선,탄방역,4,패션시티 샤크존,36.34819,127.3861582,기타
대전교통공사,1호선,탄방역,4,한가람아파트,36.3478218,127.391369,주거
대전교통공사,1호선,탄방역,4,메가박스,36.3577577,127.3867458,기타
대전교통공사,1호선,탄방역,4,대전고용센터,36.3464348,127.3855755,기타
대전교통공사,1호선,탄방역,5,한우리아파트,36.3448807,127.3883921,주거
대전교통공사,1호선,탄방역,5,대전서구문화원,36.3445855,127.3855723,체육문화
대전교통공사,1호선,탄방역,5,계림학원,36.3577577,127.3867458,교육
대전교통공사,1호선,탄방역,5,한양산호아파트,36.3458169,127.3866838,주거
대전교통공사,1호선,탄방역,5,미즈여성병원,36.3431702,127.3856364,의료
대전교통공사,1호선,탄방역,5,우리수내과,36.3432307,127.385524,의료
대전교통공사,1호선,판암역,1,판암초등학교,36.3154678,127.4607375,교육
대전교통공사,1호선,판암역,1,판암도서관,36.3163896,127.4607908,교육
대전교통공사,1호선,판암역,1,식장산 자연생태림 방면,36.299003,127.484122,방향지시
대전교통공사,1호선,판암역,1,옥천방면,36.3577577,127.3867458,방향지시
대전교통공사,1호선,판암역,1,대전도시철도공사 판암기지,36.316899,127.458259,교통
대전교통공사,1호선,판암역,1,판암주공2단지아파트,36.3172229,127.4627906,주거
대전교통공사,1호선,판암역,1,판암주공1단지아파트,36.3158064,127.4632351,주거
대전교통공사,1호선,판암역,1,판암사회복지관,36.316334,127.458791,기타
대전교통공사,1호선,판암역,2,동구청,36.3269434,127.4329043,관공서
대전교통공사,1호선,판암역,2,가오초등학교,36.3106811,127.458442,교육
대전교통공사,1호선,판암역,2,은어송마을 아파트,36.3064249,127.4513498,주거
대전교통공사,1호선,판암역,2,판암주공3단지아파트,36.3162229,127.45818,주거
대전교통공사,1호선,판암역,2,가오고등학교,36.3104538,127.4545182,교육
대전교통공사,1호선,판암역,2,가오동방면,36.3076638,127.4584004,방향지시
대전교통공사,1호선,판암역,2,미리내아파트,36.316807,127.45565,주거
대전교통공사,1호선,판암역,3,판암주공5단지,36.322306,127.460011,주거
대전교통공사,1호선,판암역,3,판암주공4단지,36.3211668,127.4598463,주거
대전교통공사,1호선,판암역,3,동신중학교,36.3198772,127.459518,교육
대전교통공사,1호선,판암역,3,판암동우체국,36.3137994,127.4641381,관공서
대전교통공사,1호선,판암역,3,신흥동방면,36.3228975,127.4438795,방향지시
대전교통공사,1호선,판암역,3,판암1동 행정복지센터,36.3178579,127.4601547,관공서
대전교통공사,1호선,판암역,3,판암2동 행정복지센터,36.320403,127.457405,관공서
대전교통공사,1호선,판암역,3,판암공원,36.3191947,127.4538748,체육문화
대전교통공사,1호선,판암역,3,대암초등학교,36.3234165,127.4574299,교육
대전교통공사,1호선,판암역,3,판암주공6단지,36.3239442,127.4581798,주거
대전교통공사,1호선,판암역,4,대전대방면,36.3363135,127.4582327,방향지시
대전교통공사,1호선,판암역,4,용운국제수영장 방면,36.3246943,127.4661512,체육문화
대전교통공사,1호선,현충원역,1,유성 방면,36.3767613,127.3332117,방향지시
대전교통공사,1호선,현충원역,1,환승주차장,36.323177,127.4603981,교통
대전교통공사,1호선,현충원역,2,환승주차장,36.323177,127.4603981,교통
대전교통공사,1호선,현충원역,3,한밭대학교 방면,36.3509246,127.3010886,교육
대전교통공사,1호선,현충원역,3,현충원 방면,36.359035,127.321459,방향지시
대전교통공사,1호선,현충원역,4,월드컵경기장 방면,36.366866,127.317839,체육문화
